ds,edit_type,text_id,edit_id
conll,DET,1,3
conll,DET,1,6
conll,DET,1,11
conll,DET,2,17
conll,DET,2,19
conll,DET,3,37
conll,DET,4,59
conll,DET,6,89
conll,DET,8,133
conll,DET,8,146
conll,DET,8,147
conll,DET,9,154
conll,DET,11,171
conll,DET,11,187
conll,DET,13,263
conll,DET,13,274
conll,DET,13,293
conll,DET,15,321
conll,DET,15,339
conll,DET,15,342
conll,DET,17,421
conll,DET,17,422
conll,DET,17,432
conll,DET,17,435
conll,DET,17,436
conll,DET,17,439
conll,DET,18,447
conll,DET,20,504
conll,DET,20,530
conll,DET,21,543
conll,DET,22,567
conll,DET,22,571
conll,DET,22,579
conll,DET,24,598
conll,DET,25,646
conll,DET,25,655
conll,DET,26,677
conll,DET,31,848
conll,DET,31,857
conll,DET,33,916
conll,DET,33,926
conll,DET,33,937
conll,DET,34,942
conll,DET,38,1025
conll,DET,39,1039
conll,DET,39,1045
conll,DET,40,1071
conll,DET,40,1079
conll,DET,40,1087
conll,DET,43,1141
conll,DET,44,1159
conll,DET,53,1344
conll,DET,53,1359
conll,DET,54,1380
conll,DET,54,1384
conll,DET,55,1386
conll,DET,55,1387
conll,DET,56,1414
conll,DET,56,1431
conll,DET,59,1470
conll,DET,59,1486
conll,DET,60,1499
conll,DET,61,1516
conll,DET,62,1538
conll,DET,64,1580
conll,DET,65,1588
conll,DET,65,1605
conll,DET,65,1618
conll,DET,66,1626
conll,DET,67,1670
conll,DET,70,1744
conll,DET,74,1851
conll,DET,76,1903
conll,DET,76,1910
conll,DET,77,1916
conll,DET,77,1917
conll,DET,77,1918
conll,DET,77,1922
conll,DET,77,1936
conll,DET,78,1952
conll,DET,78,1953
conll,DET,78,1958
conll,DET,78,1965
conll,DET,78,1978
conll,DET,78,1982
conll,DET,78,1988
conll,DET,78,1989
conll,DET,80,2014
conll,DET,81,2034
conll,DET,82,2038
conll,DET,82,2070
conll,DET,85,2126
conll,DET,87,2146
conll,DET,87,2147
conll,DET,87,2148
conll,DET,87,2154
conll,DET,89,2186
conll,DET,89,2188
conll,DET,89,2206
conll,DET,90,2227
conll,DET,93,2260
conll,DET,97,2316
conll,DET,97,2322
conll,DET,97,2330
conll,DET,99,2367
conll,DET,99,2375
conll,DET,99,2387
conll,DET,99,2397
conll,DET,99,2409
conll,DET,99,2411
conll,DET,100,2415
conll,DET,107,2558
conll,DET,107,2561
conll,DET,114,2692
conll,DET,118,2749
conll,DET,121,2808
conll,DET,121,2824
conll,DET,121,2825
conll,DET,123,2872
conll,DET,129,2944
conll,DET,130,2963
conll,DET,132,3009
conll,DET,142,3236
conll,DET,143,3264
conll,DET,143,3276
conll,DET,143,3281
conll,DET,144,3288
conll,DET,144,3291
conll,DET,144,3294
conll,DET,145,3308
conll,DET,145,3309
conll,DET,145,3323
conll,DET,146,3346
conll,DET,146,3353
conll,DET,146,3355
conll,DET,146,3365
conll,DET,147,3379
conll,DET,147,3402
conll,DET,147,3403
conll,DET,148,3409
conll,DET,148,3419
conll,DET,158,3608
conll,DET,163,3700
conll,DET,163,3703
conll,DET,166,3762
conll,DET,170,3817
realec-raw,Linking_device,18,60
realec-raw,Linking_device,20,123
realec-raw,Linking_device,32,420
realec-raw,Linking_device,40,696
realec-raw,Linking_device,43,761
realec-raw,Linking_device,46,861
realec-raw,Linking_device,48,930
realec-raw,Linking_device,52,1000
realec-raw,Linking_device,52,1033
realec-raw,Linking_device,52,1039
realec-raw,Linking_device,56,1198
realec-raw,Linking_device,59,1235
realec-raw,Linking_device,60,1247
realec-raw,Linking_device,60,1259
realec-raw,Linking_device,62,1346
realec-raw,Linking_device,63,1356
realec-raw,Linking_device,63,1371
realec-raw,Linking_device,64,1391
realec-raw,Linking_device,64,1410
realec-raw,Linking_device,74,1671
realec-raw,Linking_device,75,1695
realec-raw,Linking_device,77,1756
realec-raw,Linking_device,77,1759
realec-raw,Linking_device,78,1822
realec-raw,Linking_device,93,2122
realec-raw,Linking_device,96,2197
realec-raw,Linking_device,96,2200
realec-raw,Linking_device,96,2211
realec-raw,Linking_device,97,2224
realec-raw,Linking_device,98,2263
realec-raw,Linking_device,98,2278
realec-raw,Linking_device,99,2288
realec-raw,Linking_device,99,2297
realec-raw,Linking_device,99,2298
realec-raw,Linking_device,100,2351
realec-raw,Linking_device,102,2394
realec-raw,Linking_device,105,2433
realec-raw,Linking_device,105,2467
realec-raw,Linking_device,114,2716
realec-raw,Linking_device,118,2840
realec-raw,Linking_device,126,3070
realec-raw,Linking_device,127,3095
realec-raw,Linking_device,127,3107
realec-raw,Linking_device,134,3376
realec-raw,Linking_device,134,3397
realec-raw,Linking_device,135,3448
realec-raw,Linking_device,136,3488
realec-raw,Linking_device,138,3546
realec-raw,Linking_device,138,3556
realec-raw,Linking_device,146,3808
realec-raw,Linking_device,149,3873
realec-raw,Linking_device,159,4185
realec-raw,Linking_device,177,4737
realec-raw,Linking_device,182,4893
realec-raw,Linking_device,210,5797
realec-raw,Linking_device,222,6078
realec-raw,Linking_device,236,6386
realec-raw,Linking_device,242,6513
realec-raw,Linking_device,243,6552
realec-raw,Linking_device,244,6581
realec-raw,Linking_device,248,6669
realec-raw,Linking_device,254,6817
realec-raw,Linking_device,264,7046
realec-raw,Linking_device,267,7101
realec-raw,Linking_device,297,7819
realec-raw,Linking_device,321,8117
realec-raw,Linking_device,335,8346
realec-raw,Linking_device,358,8730
realec-raw,Linking_device,380,9063
realec-raw,Linking_device,388,9209
realec-raw,Linking_device,392,9287
realec-raw,Linking_device,428,9921
realec-raw,Linking_device,450,10349
realec-raw,Linking_device,451,10353
realec-raw,Linking_device,451,10357
realec-raw,Linking_device,457,10462
realec-raw,Linking_device,477,10919
realec-raw,Linking_device,489,11122
realec-raw,Linking_device,492,11230
realec-raw,Linking_device,492,11233
realec-raw,Linking_device,496,11302
realec-raw,Linking_device,497,11312
realec-raw,Linking_device,507,11531
realec-raw,Linking_device,515,11692
realec-raw,Linking_device,515,11711
realec-raw,Linking_device,524,11835
realec-raw,Linking_device,525,11890
realec-raw,Linking_device,528,11934
realec-raw,Linking_device,528,11943
realec-raw,Linking_device,528,11947
realec-raw,Linking_device,529,11970
realec-raw,Linking_device,529,11977
realec-raw,Linking_device,531,12021
realec-raw,Linking_device,535,12145
realec-raw,Linking_device,540,12328
realec-raw,Linking_device,541,12374
realec-raw,Linking_device,557,12988
realec-raw,Linking_device,567,13342
realec-raw,Linking_device,609,14625
realec-raw,Linking_device,611,14660
realec-raw,Linking_device,621,14966
realec-raw,Linking_device,621,14973
realec-raw,Linking_device,641,15696
realec-raw,Linking_device,643,15788
realec-raw,Linking_device,656,16183
realec-raw,Linking_device,686,17023
realec-raw,Linking_device,687,17068
realec-raw,Linking_device,692,17211
realec-raw,Linking_device,692,17215
realec-raw,Linking_device,703,17506
realec-raw,Linking_device,764,18407
realec-raw,Linking_device,765,18443
realec-raw,Linking_device,772,18506
realec-raw,Linking_device,772,18530
realec-raw,Linking_device,790,18810
realec-raw,Linking_device,849,19311
realec-raw,Linking_device,870,19769
realec-raw,Linking_device,879,19972
realec-raw,Linking_device,884,20087
realec-raw,Linking_device,908,20509
realec-raw,Linking_device,909,20516
realec-raw,Linking_device,913,20569
realec-raw,Linking_device,1026,21220
realec-raw,Linking_device,1041,21373
realec-raw,Linking_device,1056,21625
realec-raw,Linking_device,1067,21770
realec-raw,Linking_device,1096,22416
realec-raw,Linking_device,1109,22715
realec-raw,Linking_device,1122,22817
realec-raw,Linking_device,1129,22945
realec-raw,Linking_device,1129,22968
realec-raw,Linking_device,1135,23030
realec-raw,Linking_device,1136,23041
realec-raw,Linking_device,1169,23390
realec-raw,Linking_device,1178,23480
realec-raw,Linking_device,1202,23944
realec-raw,Linking_device,1206,24013
realec-raw,Linking_device,1208,24044
realec-raw,Linking_device,1208,24054
realec-raw,Linking_device,1210,24111
realec-raw,Linking_device,1222,24248
realec-raw,Linking_device,1232,24379
realec-raw,Linking_device,1232,24399
realec-raw,Linking_device,1234,24477
realec-raw,Linking_device,1236,24543
realec-raw,Linking_device,1239,24635
realec-raw,Linking_device,1290,25134
realec-raw,Linking_device,1366,26436
realec-raw,Linking_device,1366,26451
realec-raw,Linking_device,1371,26566
realec-raw,Linking_device,1377,26765
realec-raw,Linking_device,1377,26770
realec-raw,Linking_device,1383,26936
realec-raw,Linking_device,1385,27015
realec-raw,Linking_device,1395,27251
realec-raw,Linking_device,1399,27353
realec-raw,Linking_device,1406,27531
realec-raw,Linking_device,1424,27784
realec-raw,Linking_device,1438,28090
realec-raw,Linking_device,1438,28095
realec-raw,Linking_device,1438,28106
realec-raw,Linking_device,1441,28146
realec-raw,Linking_device,1453,28301
realec-raw,Linking_device,1453,28312
realec-raw,Linking_device,1459,28399
realec-raw,Linking_device,1461,28425
realec-raw,Linking_device,1482,28649
realec-raw,Linking_device,1516,29252
realec-raw,Linking_device,1516,29256
realec-raw,Linking_device,1516,29260
realec-raw,Linking_device,1521,29387
realec-raw,Linking_device,1523,29408
realec-raw,Linking_device,1523,29416
realec-raw,Linking_device,1523,29419
realec-raw,Linking_device,1537,29731
realec-raw,Linking_device,1538,29799
realec-raw,Linking_device,1542,29934
realec-raw,Linking_device,1543,29940
realec-raw,Linking_device,1545,29993
realec-raw,Linking_device,1549,30074
realec-raw,Linking_device,1572,30725
realec-raw,Linking_device,1572,30747
realec-raw,Linking_device,1576,30814
realec-raw,Linking_device,1602,31215
realec-raw,Linking_device,1612,31525
realec-raw,Linking_device,1655,32264
realec-raw,Linking_device,1655,32276
realec-raw,Linking_device,1673,32645
realec-raw,Linking_device,1678,32725
realec-raw,Linking_device,1684,32875
realec-raw,Linking_device,1695,33118
realec-raw,Linking_device,1695,33125
realec-raw,Linking_device,1695,33138
realec-raw,Linking_device,1709,33450
realec-raw,Linking_device,1709,33466
realec-raw,Linking_device,1711,33534
realec-raw,Linking_device,1711,33542
realec-raw,Linking_device,1711,33565
realec-raw,Linking_device,1713,33604
realec-raw,Linking_device,1735,33952
realec-raw,Linking_device,1739,34011
realec-raw,Linking_device,1745,34131
realec-raw,Linking_device,1757,34265
realec-raw,Linking_device,1757,34272
realec-raw,Linking_device,1765,34404
realec-raw,Linking_device,1769,34479
realec-raw,Linking_device,1812,34971
realec-raw,Linking_device,1943,36463
realec-raw,Linking_device,1944,36477
realec-raw,Linking_device,1945,36481
realec-raw,Linking_device,1949,36514
realec-raw,Linking_device,1957,36612
realec-raw,Linking_device,1969,36706
realec-raw,Linking_device,1971,36715
realec-raw,Linking_device,1972,36743
realec-raw,Linking_device,1977,36786
realec-raw,Linking_device,1977,36789
realec-raw,Linking_device,2003,37008
realec-raw,Linking_device,2011,37123
realec-raw,Linking_device,2013,37147
realec-raw,Linking_device,2015,37167
realec-raw,Linking_device,2021,37201
realec-raw,Linking_device,2023,37212
realec-raw,Linking_device,2025,37227
realec-raw,Linking_device,2025,37228
realec-raw,Linking_device,2029,37292
realec-raw,Linking_device,2035,37326
realec-raw,Linking_device,2051,37464
realec-raw,Linking_device,2057,37559
realec-raw,Linking_device,2057,37573
realec-raw,Linking_device,2059,37582
realec-raw,Linking_device,2065,37624
realec-raw,Linking_device,2088,37901
realec-raw,Linking_device,2105,38049
realec-raw,Linking_device,2381,39168
realec-raw,Linking_device,2389,39283
realec-raw,Linking_device,2401,39435
realec-raw,Linking_device,2411,39618
realec-raw,Linking_device,2417,39685
realec-raw,Linking_device,2433,39873
realec-raw,Linking_device,2447,40026
realec-raw,Linking_device,2447,40031
realec-raw,Linking_device,2452,40095
realec-raw,Linking_device,2453,40107
realec-raw,Linking_device,2465,40225
realec-raw,Linking_device,2469,40262
realec-raw,Linking_device,2475,40378
realec-raw,Linking_device,2476,40387
realec-raw,Linking_device,2477,40395
realec-raw,Linking_device,2479,40411
realec-raw,Linking_device,2485,40467
realec-raw,Linking_device,2489,40510
realec-raw,Linking_device,2494,40607
realec-raw,Linking_device,2495,40628
realec-raw,Linking_device,2497,40642
realec-raw,Linking_device,2499,40653
realec-raw,Linking_device,2501,40680
realec-raw,Linking_device,2505,40759
realec-raw,Linking_device,2507,40789
realec-raw,Linking_device,2509,40824
realec-raw,Linking_device,2511,40840
realec-raw,Linking_device,2517,40912
realec-raw,Linking_device,2517,40926
realec-raw,Linking_device,2523,40975
realec-raw,Linking_device,2539,41227
realec-raw,Linking_device,2553,41641
realec-raw,Linking_device,2554,41693
realec-raw,Linking_device,2554,41709
realec-raw,Linking_device,2562,41871
realec-raw,Linking_device,2569,42072
realec-raw,Linking_device,2584,42406
realec-raw,Linking_device,2595,42707
realec-raw,Linking_device,2598,42783
realec-raw,Linking_device,2607,42963
realec-raw,Linking_device,2610,43017
realec-raw,Linking_device,2610,43040
realec-raw,Linking_device,2614,43085
realec-raw,Linking_device,2621,43225
realec-raw,Linking_device,2621,43249
realec-raw,Linking_device,2626,43408
realec-raw,Linking_device,2626,43410
realec-raw,Linking_device,2628,43458
realec-raw,Linking_device,2628,43472
realec-raw,Linking_device,2632,43572
realec-raw,Linking_device,2637,43719
realec-raw,Linking_device,2647,43834
realec-raw,Linking_device,2647,43837
realec-raw,Linking_device,2650,43963
realec-raw,Linking_device,2652,44058
realec-raw,Linking_device,2654,44151
realec-raw,Linking_device,2684,44589
realec-raw,Linking_device,2687,44617
realec-raw,Linking_device,2690,44635
realec-raw,Linking_device,2690,44639
realec-raw,Linking_device,2691,44646
realec-raw,Linking_device,2695,44698
realec-raw,Linking_device,2698,44727
realec-raw,Linking_device,2698,44734
realec-raw,Linking_device,2719,45009
realec-raw,Linking_device,2731,45160
realec-raw,Linking_device,2733,45179
realec-raw,Linking_device,2735,45229
realec-raw,Linking_device,2735,45232
realec-raw,Linking_device,2735,45239
realec-raw,Linking_device,2755,45511
realec-raw,Linking_device,2766,45787
realec-raw,Linking_device,2781,46084
realec-raw,Linking_device,2835,47237
realec-raw,Linking_device,2837,47314
realec-raw,Linking_device,2871,47889
realec-raw,Linking_device,2872,47918
realec-raw,Linking_device,2909,48376
realec-raw,Linking_device,2936,48753
realec-raw,Linking_device,2945,48870
realec-raw,Linking_device,2946,48872
realec-raw,Linking_device,3066,50858
realec-raw,Linking_device,3067,50930
realec-raw,Linking_device,3069,50979
realec-raw,Linking_device,3069,50997
realec-raw,Linking_device,3070,51001
realec-raw,Linking_device,3071,51016
realec-raw,Linking_device,3074,51073
realec-raw,Linking_device,3084,51258
realec-raw,Linking_device,3117,51766
realec-raw,Linking_device,3121,51809
realec-raw,Linking_device,3127,51874
realec-raw,Linking_device,3128,51891
realec-raw,Linking_device,3132,51927
realec-raw,Linking_device,3134,51951
realec-raw,Linking_device,3136,51974
realec-raw,Linking_device,3158,52412
realec-raw,Linking_device,3159,52426
realec-raw,Linking_device,3171,52731
realec-raw,Linking_device,3174,52826
realec-raw,Linking_device,3175,52838
realec-raw,Linking_device,3175,52859
realec-raw,Linking_device,3192,53140
realec-raw,Linking_device,3192,53158
realec-raw,Linking_device,3207,53547
realec-raw,Linking_device,3215,53719
realec-raw,Linking_device,3215,53743
realec-raw,Linking_device,3231,54045
realec-raw,Linking_device,3233,54137
realec-raw,Linking_device,3236,54210
realec-raw,Linking_device,3239,54253
realec-raw,Linking_device,3241,54294
realec-raw,Linking_device,3241,54308
realec-raw,Linking_device,3248,54447
realec-raw,Linking_device,3248,54467
realec-raw,Linking_device,3252,54549
realec-raw,Linking_device,3252,54557
realec-raw,Linking_device,3258,54649
realec-raw,Linking_device,3260,54732
realec-raw,Linking_device,3267,54999
realec-raw,Linking_device,3281,55239
realec-raw,Linking_device,3290,55453
realec-raw,Linking_device,3298,55739
realec-raw,Linking_device,3298,55743
realec-raw,Linking_device,3300,55796
realec-raw,Linking_device,3303,55881
realec-raw,Linking_device,3304,55934
realec-raw,Linking_device,3306,55976
realec-raw,Linking_device,3310,56038
realec-raw,Linking_device,3310,56046
realec-raw,Linking_device,3313,56104
realec-raw,Linking_device,3339,56914
realec-raw,Linking_device,3340,56933
realec-raw,Linking_device,3341,56979
realec-raw,Linking_device,3346,57108
realec-raw,Linking_device,3351,57242
realec-raw,Linking_device,3352,57258
realec-raw,Linking_device,3375,57895
realec-raw,Linking_device,3379,57961
realec-raw,Linking_device,3383,58028
realec-raw,Linking_device,3388,58161
realec-raw,Linking_device,3396,58335
realec-raw,Linking_device,3398,58373
realec-raw,Linking_device,3403,58452
realec-raw,Linking_device,3404,58494
realec-raw,Linking_device,3406,58525
realec-raw,Linking_device,3409,58576
realec-raw,Linking_device,3409,58593
realec-raw,Linking_device,3415,58789
realec-raw,Linking_device,3415,58815
realec-raw,Linking_device,3424,59034
realec-raw,Linking_device,3424,59044
realec-raw,Linking_device,3424,59046
realec-raw,Linking_device,3425,59084
realec-raw,Linking_device,3425,59097
realec-raw,Linking_device,3428,59165
realec-raw,Linking_device,3429,59203
realec-raw,Linking_device,3429,59224
realec-raw,Linking_device,3430,59236
realec-raw,Linking_device,3430,59238
realec-raw,Linking_device,3431,59288
realec-raw,Linking_device,3436,59434
realec-raw,Linking_device,3437,59465
realec-raw,Linking_device,3446,59757
realec-raw,Linking_device,3456,59908
realec-raw,Linking_device,3456,59923
realec-raw,Linking_device,3463,60087
realec-raw,Linking_device,3463,60095
realec-raw,Linking_device,3465,60135
realec-raw,Linking_device,3470,60262
realec-raw,Linking_device,3472,60300
realec-raw,Linking_device,3476,60382
realec-raw,Linking_device,3479,60441
realec-raw,Linking_device,3485,60549
realec-raw,Linking_device,3485,60565
realec-raw,Linking_device,3489,60622
realec-raw,Linking_device,3493,60695
realec-raw,Linking_device,3495,60750
realec-raw,Linking_device,3498,60770
realec-raw,Linking_device,3498,60787
realec-raw,Linking_device,3499,60820
realec-raw,Linking_device,3499,60831
realec-raw,Linking_device,3502,60862
realec-raw,Linking_device,3503,60887
realec-raw,Linking_device,3504,60896
realec-raw,Linking_device,3511,61107
realec-raw,Linking_device,3520,61355
realec-raw,Linking_device,3529,61649
realec-raw,Linking_device,3531,61692
realec-raw,Linking_device,3531,61702
realec-raw,Linking_device,3535,61786
realec-raw,Linking_device,3564,62186
realec-raw,Linking_device,3565,62243
realec-raw,Linking_device,3577,62509
realec-raw,Linking_device,3579,62615
realec-raw,Linking_device,3583,62657
realec-raw,Linking_device,3596,62882
realec-raw,Linking_device,3629,63820
realec-raw,Linking_device,3654,64255
realec-raw,Linking_device,3657,64312
realec-raw,Linking_device,3660,64390
realec-raw,Linking_device,3671,64531
realec-raw,Linking_device,3671,64536
realec-raw,Linking_device,3745,65704
realec-raw,Linking_device,3752,65881
realec-raw,Linking_device,3752,65884
realec-raw,Linking_device,3752,65892
realec-raw,Linking_device,3752,65922
realec-raw,Linking_device,3754,65986
realec-raw,Linking_device,3758,66074
realec-raw,Linking_device,3758,66088
realec-raw,Linking_device,3759,66107
realec-raw,Linking_device,3764,66229
realec-raw,Linking_device,3776,66393
realec-raw,Linking_device,3780,66468
realec-raw,Linking_device,3782,66499
realec-raw,Linking_device,3784,66556
realec-raw,Linking_device,3812,67063
realec-raw,Linking_device,3847,67624
realec-raw,Linking_device,3854,67766
realec-raw,Linking_device,3885,68342
realec-raw,Linking_device,3895,68613
realec-raw,Linking_device,3906,68828
realec-raw,Linking_device,3906,68839
realec-raw,Linking_device,3912,68962
realec-raw,Linking_device,3933,69371
realec-raw,Linking_device,3935,69405
realec-raw,Linking_device,3936,69431
realec-raw,Linking_device,3938,69465
realec-raw,Linking_device,3941,69529
realec-raw,Linking_device,3946,69651
realec-raw,Linking_device,3948,69684
realec-raw,Linking_device,3948,69701
realec-raw,Linking_device,3950,69748
realec-raw,Linking_device,3952,69829
realec-raw,Linking_device,3954,69855
realec-raw,Linking_device,3960,69967
realec-raw,Linking_device,3966,70102
realec-raw,Linking_device,3967,70123
realec-raw,Linking_device,3970,70200
realec-raw,Linking_device,3970,70225
realec-raw,Linking_device,3971,70243
realec-raw,Linking_device,3974,70289
realec-raw,Linking_device,3985,70504
realec-raw,Linking_device,3986,70507
realec-raw,Linking_device,3991,70588
realec-raw,Linking_device,3993,70671
realec-raw,Linking_device,3993,70676
realec-raw,Linking_device,3994,70703
realec-raw,Linking_device,3994,70704
realec-raw,Linking_device,3995,70709
realec-raw,Linking_device,3995,70711
realec-raw,Linking_device,3999,70778
realec-raw,Linking_device,4001,70815
realec-raw,Linking_device,4004,70882
realec-raw,Linking_device,4013,71057
realec-raw,Linking_device,4014,71080
realec-raw,Linking_device,4026,71258
realec-raw,Linking_device,4035,71402
realec-raw,Linking_device,4042,71537
realec-raw,Linking_device,4048,71612
realec-raw,Linking_device,4048,71613
realec-raw,Linking_device,4074,72105
conll,PRON,6,83
conll,PRON,7,94
conll,PRON,7,104
conll,PRON,7,106
conll,PRON,7,115
conll,PRON,7,117
conll,PRON,7,119
conll,PRON,8,123
conll,PRON,8,129
conll,PRON,9,159
conll,PRON,14,311
conll,PRON,16,363
conll,PRON,16,400
conll,PRON,18,452
conll,PRON,18,454
conll,PRON,19,489
conll,PRON,20,511
conll,PRON,20,513
conll,PRON,20,515
conll,PRON,22,565
conll,PRON,22,573
conll,PRON,22,575
conll,PRON,24,588
conll,PRON,24,594
conll,PRON,24,606
conll,PRON,24,612
conll,PRON,24,619
conll,PRON,25,653
conll,PRON,26,685
conll,PRON,26,687
conll,PRON,27,713
conll,PRON,27,718
conll,PRON,27,719
conll,PRON,27,721
conll,PRON,27,728
conll,PRON,27,743
conll,PRON,27,745
conll,PRON,28,770
conll,PRON,28,774
conll,PRON,28,775
conll,PRON,28,780
conll,PRON,29,800
conll,PRON,30,819
conll,PRON,30,821
conll,PRON,30,834
conll,PRON,31,853
conll,PRON,31,855
conll,PRON,32,888
conll,PRON,34,944
conll,PRON,34,947
conll,PRON,34,954
conll,PRON,34,956
conll,PRON,36,982
conll,PRON,36,990
conll,PRON,37,994
conll,PRON,37,997
conll,PRON,40,1055
conll,PRON,40,1072
conll,PRON,41,1105
conll,PRON,41,1107
conll,PRON,43,1152
conll,PRON,43,1156
conll,PRON,44,1170
conll,PRON,45,1180
conll,PRON,45,1182
conll,PRON,45,1187
conll,PRON,46,1191
conll,PRON,46,1193
conll,PRON,46,1200
conll,PRON,46,1207
conll,PRON,47,1214
conll,PRON,47,1228
conll,PRON,50,1281
conll,PRON,53,1356
conll,PRON,53,1358
conll,PRON,53,1361
conll,PRON,53,1363
conll,PRON,56,1419
conll,PRON,57,1437
conll,PRON,61,1506
conll,PRON,61,1515
conll,PRON,61,1525
conll,PRON,62,1532
conll,PRON,63,1559
conll,PRON,63,1560
conll,PRON,65,1598
conll,PRON,70,1720
conll,PRON,70,1725
conll,PRON,71,1756
conll,PRON,71,1758
conll,PRON,71,1776
conll,PRON,71,1779
conll,PRON,71,1780
conll,PRON,72,1805
conll,PRON,72,1808
conll,PRON,72,1822
conll,PRON,72,1826
conll,PRON,72,1828
conll,PRON,74,1866
conll,PRON,75,1871
conll,PRON,75,1872
conll,PRON,75,1876
conll,PRON,75,1878
conll,PRON,75,1881
conll,PRON,75,1885
conll,PRON,75,1886
conll,PRON,75,1891
conll,PRON,75,1896
conll,PRON,77,1928
conll,PRON,77,1935
conll,PRON,82,2068
conll,PRON,83,2077
conll,PRON,83,2079
conll,PRON,83,2082
conll,PRON,83,2084
conll,PRON,83,2088
conll,PRON,83,2092
conll,PRON,84,2104
conll,PRON,84,2105
conll,PRON,88,2180
conll,PRON,89,2202
conll,PRON,92,2245
conll,PRON,95,2297
conll,PRON,97,2326
conll,PRON,97,2328
conll,PRON,99,2366
conll,PRON,100,2423
conll,PRON,102,2460
conll,PRON,102,2471
conll,PRON,109,2597
conll,PRON,109,2599
conll,PRON,109,2600
conll,PRON,109,2602
conll,PRON,109,2604
conll,PRON,110,2605
conll,PRON,110,2607
conll,PRON,110,2609
conll,PRON,110,2611
conll,PRON,110,2615
conll,PRON,110,2621
conll,PRON,111,2627
conll,PRON,111,2634
conll,PRON,111,2641
conll,PRON,113,2666
conll,PRON,115,2706
conll,PRON,118,2762
conll,PRON,118,2764
conll,PRON,125,2887
conll,PRON,126,2897
conll,PRON,132,2992
conll,PRON,133,3024
conll,PRON,134,3056
conll,PRON,134,3060
conll,PRON,136,3101
conll,PRON,137,3111
conll,PRON,137,3113
conll,PRON,137,3120
conll,PRON,138,3141
conll,PRON,138,3143
conll,PRON,138,3149
conll,PRON,138,3151
conll,PRON,138,3156
conll,PRON,138,3158
conll,PRON,138,3189
conll,PRON,138,3193
conll,PRON,139,3203
conll,PRON,139,3204
conll,PRON,141,3229
conll,PRON,143,3274
conll,PRON,152,3499
conll,PRON,156,3580
conll,PRON,163,3713
conll,PRON,164,3720
conll,PRON,164,3722
conll,PRON,164,3731
conll,PRON,166,3755
conll,PRON,167,3779
conll,PRON,167,3781
conll,PRON,171,3851
conll,PRON,172,3864
conll,PRON,177,3956
conll,PRON,181,4025
conll,PRON,181,4029
conll,PRON,184,4076
conll,PRON,186,4114
conll,PRON,186,4115
conll,PRON,192,4272
conll,PRON,195,4300
conll,PRON,198,4363
conll,PRON,198,4366
conll,PRON,201,4442
conll,PRON,202,4461
conll,PRON,202,4464
conll,PRON,203,4475
conll,PRON,203,4477
conll,PRON,203,4479
conll,PRON,204,4493
conll,PRON,206,4544
conll,PRON,206,4559
conll,PRON,209,4603
conll,PRON,209,4615
conll,PRON,209,4617
conll,PRON,210,4633
conll,PRON,210,4635
conll,PRON,210,4637
conll,PRON,210,4639
conll,PRON,211,4652
conll,PRON,216,4731
conll,PRON,216,4739
conll,PRON,216,4741
conll,PRON,216,4743
conll,PRON,216,4745
conll,PRON,216,4755
conll,PRON,220,4809
conll,PRON,221,4829
conll,PRON,221,4833
conll,PRON,222,4837
conll,PRON,222,4842
conll,PRON,222,4859
conll,PRON,228,4941
conll,PRON,230,4997
conll,PRON,231,5007
conll,PRON,231,5026
conll,PRON,231,5028
conll,PRON,233,5049
conll,PRON,234,5061
conll,PRON,234,5063
conll,PRON,239,5114
conll,PRON,239,5116
conll,PRON,239,5120
conll,PRON,239,5126
conll,PRON,240,5146
conll,PRON,242,5196
conll,PRON,243,5203
conll,PRON,245,5215
conll,PRON,250,5281
conll,PUNCT,1,5
conll,PUNCT,1,9
conll,PUNCT,4,71
conll,PUNCT,8,137
conll,PUNCT,9,158
conll,PUNCT,11,181
conll,PUNCT,12,197
conll,PUNCT,12,234
conll,PUNCT,12,240
conll,PUNCT,16,365
conll,PUNCT,17,442
conll,PUNCT,34,948
conll,PUNCT,58,1465
conll,PUNCT,60,1493
conll,PUNCT,65,1595
conll,PUNCT,65,1617
conll,PUNCT,75,1889
conll,PUNCT,76,1902
conll,PUNCT,89,2216
conll,PUNCT,93,2258
conll,PUNCT,95,2296
conll,PUNCT,95,2298
conll,PUNCT,102,2453
conll,PUNCT,108,2572
conll,PUNCT,115,2717
conll,PUNCT,133,3026
conll,PUNCT,134,3067
conll,PUNCT,137,3130
conll,PUNCT,156,3583
conll,PUNCT,167,3774
conll,PUNCT,191,4255
conll,PUNCT,200,4408
conll,PUNCT,200,4422
conll,PUNCT,204,4519
conll,PUNCT,209,4583
conll,PUNCT,209,4593
conll,PUNCT,209,4600
conll,PUNCT,210,4621
conll,PUNCT,215,4692
conll,PUNCT,224,4866
conll,PUNCT,226,4892
conll,PUNCT,227,4939
conll,PUNCT,228,4957
conll,PUNCT,240,5144
conll,PUNCT,241,5176
conll,PUNCT,248,5245
conll,VERB:TENSE,2,21
conll,VERB:TENSE,3,35
conll,VERB:TENSE,3,50
conll,VERB:TENSE,3,56
conll,VERB:TENSE,7,112
conll,VERB:TENSE,8,131
conll,VERB:TENSE,8,134
conll,VERB:TENSE,8,139
conll,VERB:TENSE,8,144
conll,VERB:TENSE,8,145
conll,VERB:TENSE,8,148
conll,VERB:TENSE,9,149
conll,VERB:TENSE,10,160
conll,VERB:TENSE,12,229
conll,VERB:TENSE,12,233
conll,VERB:TENSE,12,235
conll,VERB:TENSE,12,242
conll,VERB:TENSE,12,246
conll,VERB:TENSE,12,255
conll,VERB:TENSE,13,298
conll,VERB:TENSE,13,307
conll,VERB:TENSE,14,312
conll,VERB:TENSE,16,358
conll,VERB:TENSE,16,366
conll,VERB:TENSE,16,370
conll,VERB:TENSE,16,403
conll,VERB:TENSE,19,471
conll,VERB:TENSE,19,487
conll,VERB:TENSE,20,503
conll,VERB:TENSE,20,508
conll,VERB:TENSE,20,518
conll,VERB:TENSE,20,523
conll,VERB:TENSE,20,525
conll,VERB:TENSE,20,528
conll,VERB:TENSE,21,532
conll,VERB:TENSE,21,545
conll,VERB:TENSE,22,552
conll,VERB:TENSE,22,555
conll,VERB:TENSE,22,562
conll,VERB:TENSE,22,563
conll,VERB:TENSE,23,586
conll,VERB:TENSE,25,641
conll,VERB:TENSE,25,659
conll,VERB:TENSE,26,673
conll,VERB:TENSE,27,701
conll,VERB:TENSE,27,714
conll,VERB:TENSE,27,751
conll,VERB:TENSE,28,764
conll,VERB:TENSE,28,771
conll,VERB:TENSE,28,773
conll,VERB:TENSE,28,776
conll,VERB:TENSE,28,784
conll,VERB:TENSE,29,793
conll,VERB:TENSE,30,809
conll,VERB:TENSE,30,828
conll,VERB:TENSE,30,836
conll,VERB:TENSE,31,842
conll,VERB:TENSE,31,845
conll,VERB:TENSE,31,851
conll,VERB:TENSE,31,861
conll,VERB:TENSE,32,889
conll,VERB:TENSE,32,910
conll,VERB:TENSE,33,918
conll,VERB:TENSE,33,925
conll,VERB:TENSE,34,950
conll,VERB:TENSE,34,951
conll,VERB:TENSE,38,1009
conll,VERB:TENSE,38,1011
conll,VERB:TENSE,38,1020
conll,VERB:TENSE,38,1022
conll,VERB:TENSE,39,1049
conll,VERB:TENSE,41,1112
conll,VERB:TENSE,42,1118
conll,VERB:TENSE,42,1121
conll,VERB:TENSE,44,1171
conll,VERB:TENSE,45,1176
conll,VERB:TENSE,45,1188
conll,VERB:TENSE,46,1194
conll,VERB:TENSE,46,1199
conll,VERB:TENSE,46,1201
conll,VERB:TENSE,47,1216
conll,VERB:TENSE,48,1248
conll,VERB:TENSE,51,1297
conll,VERB:TENSE,51,1303
conll,VERB:TENSE,52,1326
conll,VERB:TENSE,52,1332
conll,VERB:TENSE,53,1364
conll,VERB:TENSE,53,1371
conll,VERB:TENSE,53,1374
conll,VERB:TENSE,54,1381
conll,VERB:TENSE,55,1398
conll,VERB:TENSE,59,1472
conll,VERB:TENSE,60,1489
conll,VERB:TENSE,60,1497
conll,VERB:TENSE,62,1526
conll,VERB:TENSE,65,1584
conll,VERB:TENSE,65,1590
conll,VERB:TENSE,65,1591
conll,VERB:TENSE,65,1593
conll,VERB:TENSE,65,1599
conll,VERB:TENSE,65,1622
conll,VERB:TENSE,66,1637
conll,VERB:TENSE,67,1648
conll,VERB:TENSE,67,1658
conll,VERB:TENSE,68,1678
conll,VERB:TENSE,68,1684
conll,VERB:TENSE,70,1732
conll,VERB:TENSE,70,1734
conll,VERB:TENSE,70,1739
conll,VERB:TENSE,70,1743
conll,VERB:TENSE,70,1745
conll,VERB:TENSE,70,1747
conll,VERB:TENSE,71,1789
conll,VERB:TENSE,72,1803
conll,VERB:TENSE,72,1820
conll,VERB:TENSE,74,1861
conll,VERB:TENSE,76,1909
conll,VERB:TENSE,77,1938
conll,VERB:TENSE,77,1939
conll,VERB:TENSE,77,1943
conll,VERB:TENSE,78,1990
conll,VERB:TENSE,80,2024
conll,VERB:TENSE,82,2040
conll,VERB:TENSE,82,2067
conll,VERB:TENSE,83,2089
conll,VERB:TENSE,83,2091
conll,VERB:TENSE,83,2098
conll,VERB:TENSE,87,2149
conll,VERB:TENSE,88,2160
conll,VERB:TENSE,89,2189
conll,VERB:TENSE,89,2196
conll,VERB:TENSE,89,2215
conll,VERB:TENSE,92,2238
conll,VERB:TENSE,92,2243
conll,VERB:TENSE,93,2247
conll,VERB:TENSE,93,2248
conll,VERB:TENSE,93,2249
conll,VERB:TENSE,94,2278
conll,VERB:TENSE,94,2279
conll,VERB:TENSE,94,2286
conll,VERB:TENSE,94,2287
conll,VERB:TENSE,94,2290
conll,VERB:TENSE,95,2304
conll,VERB:TENSE,95,2312
conll,VERB:TENSE,97,2315
conll,VERB:TENSE,98,2346
conll,VERB:TENSE,99,2368
conll,VERB:TENSE,99,2388
conll,VERB:TENSE,99,2395
conll,VERB:TENSE,99,2396
conll,VERB:TENSE,99,2403
conll,VERB:TENSE,99,2405
conll,VERB:TENSE,99,2410
conll,VERB:TENSE,99,2414
conll,VERB:TENSE,100,2418
conll,VERB:TENSE,101,2430
conll,VERB:TENSE,101,2435
conll,VERB:TENSE,102,2454
conll,VERB:TENSE,107,2559
conll,VERB:TENSE,107,2560
conll,VERB:TENSE,109,2601
conll,VERB:TENSE,110,2624
conll,VERB:TENSE,112,2649
conll,VERB:TENSE,112,2652
conll,VERB:TENSE,114,2678
conll,VERB:TENSE,114,2683
conll,VERB:TENSE,115,2709
conll,VERB:TENSE,115,2714
conll,VERB:TENSE,115,2718
conll,VERB:TENSE,115,2719
conll,VERB:TENSE,116,2727
conll,VERB:TENSE,117,2745
conll,VERB:TENSE,118,2756
conll,VERB:TENSE,120,2769
conll,VERB:TENSE,120,2776
conll,VERB:TENSE,120,2779
conll,VERB:TENSE,120,2786
conll,VERB:TENSE,120,2788
conll,VERB:TENSE,120,2791
conll,VERB:TENSE,121,2799
conll,VERB:TENSE,121,2802
conll,VERB:TENSE,121,2826
conll,VERB:TENSE,122,2844
conll,VERB:TENSE,122,2853
conll,VERB:TENSE,123,2865
conll,VERB:TENSE,123,2874
conll,VERB:TENSE,125,2882
conll,VERB:TENSE,127,2903
conll,VERB:TENSE,127,2905
conll,VERB:TENSE,127,2917
conll,VERB:TENSE,127,2919
conll,VERB:TENSE,129,2945
conll,VERB:TENSE,129,2946
conll,VERB:TENSE,130,2970
conll,VERB:TENSE,131,2971
conll,VERB:TENSE,131,2979
conll,VERB:TENSE,132,2995
conll,VERB:TENSE,132,2999
conll,VERB:TENSE,132,3002
conll,VERB:TENSE,132,3004
conll,VERB:TENSE,132,3011
conll,VERB:TENSE,133,3021
conll,VERB:TENSE,133,3023
conll,VERB:TENSE,134,3048
conll,VERB:TENSE,137,3115
conll,VERB:TENSE,137,3119
conll,VERB:TENSE,137,3125
conll,VERB:TENSE,137,3126
conll,VERB:TENSE,137,3132
conll,VERB:TENSE,137,3133
conll,VERB:TENSE,138,3148
conll,VERB:TENSE,138,3169
conll,VERB:TENSE,138,3181
conll,VERB:TENSE,140,3222
conll,VERB:TENSE,141,3230
conll,VERB:TENSE,141,3233
conll,VERB:TENSE,142,3241
conll,VERB:TENSE,142,3243
conll,VERB:TENSE,142,3244
conll,VERB:TENSE,143,3261
conll,VERB:TENSE,143,3263
conll,VERB:TENSE,143,3267
conll,VERB:TENSE,143,3279
conll,VERB:TENSE,143,3280
conll,VERB:TENSE,146,3337
conll,VERB:TENSE,146,3343
conll,VERB:TENSE,146,3344
conll,VERB:TENSE,146,3349
conll,VERB:TENSE,148,3423
conll,VERB:TENSE,148,3431
conll,VERB:TENSE,148,3438
conll,VERB:TENSE,149,3447
conll,VERB:TENSE,150,3471
conll,VERB:TENSE,150,3474
conll,VERB:TENSE,152,3496
conll,VERB:TENSE,152,3501
conll,VERB:TENSE,152,3503
conll,VERB:TENSE,152,3513
conll,VERB:TENSE,152,3522
conll,VERB:TENSE,152,3529
conll,VERB:TENSE,154,3559
conll,VERB:TENSE,154,3561
conll,VERB:TENSE,154,3562
conll,VERB:TENSE,154,3563
conll,VERB:TENSE,154,3565
conll,VERB:TENSE,156,3585
conll,VERB:TENSE,156,3588
conll,VERB:TENSE,158,3615
conll,VERB:TENSE,160,3661
conll,VERB:TENSE,161,3670
conll,VERB:TENSE,164,3735
conll,VERB:TENSE,164,3738
conll,VERB:TENSE,164,3739
conll,VERB:TENSE,170,3814
conll,VERB:TENSE,170,3820
conll,VERB:TENSE,171,3839
conll,VERB:TENSE,175,3914
conll,VERB:TENSE,175,3915
conll,VERB:TENSE,175,3921
conll,VERB:TENSE,176,3939
conll,VERB:TENSE,177,3948
conll,VERB:TENSE,177,3951
conll,VERB:TENSE,177,3961
conll,VERB:TENSE,181,4030
conll,VERB:TENSE,181,4034
conll,VERB:TENSE,181,4036
conll,VERB:TENSE,182,4046
conll,VERB:TENSE,182,4049
conll,VERB:TENSE,182,4050
conll,VERB:TENSE,182,4052
conll,VERB:TENSE,184,4069
conll,VERB:TENSE,185,4084
conll,VERB:TENSE,185,4086
conll,VERB:TENSE,185,4103
conll,VERB:TENSE,187,4140
conll,VERB:TENSE,187,4156
conll,VERB:TENSE,191,4209
conll,VERB:TENSE,193,4281
conll,VERB:TENSE,195,4311
conll,VERB:TENSE,195,4317
conll,VERB:TENSE,196,4327
conll,VERB:TENSE,196,4331
conll,VERB:TENSE,196,4344
conll,VERB:TENSE,198,4371
conll,VERB:TENSE,199,4391
conll,VERB:TENSE,200,4410
conll,VERB:TENSE,200,4416
conll,VERB:TENSE,200,4418
conll,VERB:TENSE,201,4435
conll,VERB:TENSE,201,4445
conll,VERB:TENSE,201,4452
conll,VERB:TENSE,204,4506
conll,VERB:TENSE,204,4520
conll,VERB:TENSE,206,4555
conll,VERB:TENSE,207,4568
conll,VERB:TENSE,209,4595
conll,VERB:TENSE,209,4605
conll,VERB:TENSE,210,4641
conll,VERB:TENSE,210,4643
conll,VERB:TENSE,211,4650
conll,VERB:TENSE,211,4654
conll,VERB:TENSE,215,4685
conll,VERB:TENSE,215,4686
conll,VERB:TENSE,215,4688
conll,VERB:TENSE,215,4698
conll,VERB:TENSE,216,4735
conll,VERB:TENSE,216,4756
conll,VERB:TENSE,219,4777
conll,VERB:TENSE,220,4811
conll,VERB:TENSE,221,4820
conll,VERB:TENSE,222,4850
conll,VERB:TENSE,222,4857
conll,VERB:TENSE,226,4880
conll,VERB:TENSE,227,4904
conll,VERB:TENSE,227,4911
conll,VERB:TENSE,227,4915
conll,VERB:TENSE,227,4921
conll,VERB:TENSE,227,4924
conll,VERB:TENSE,227,4933
conll,VERB:TENSE,227,4938
conll,VERB:TENSE,228,4949
conll,VERB:TENSE,229,4960
conll,VERB:TENSE,229,4965
conll,VERB:TENSE,231,5000
conll,VERB:TENSE,231,5009
conll,VERB:TENSE,237,5077
conll,VERB:TENSE,237,5085
conll,VERB:TENSE,237,5086
conll,VERB:TENSE,239,5111
conll,VERB:TENSE,239,5115
conll,VERB:TENSE,239,5117
conll,VERB:TENSE,239,5123
conll,VERB:TENSE,239,5127
conll,VERB:TENSE,240,5140
conll,VERB:TENSE,240,5141
conll,VERB:TENSE,240,5151
conll,VERB:TENSE,241,5177
conll,VERB:TENSE,243,5201
conll,VERB:TENSE,248,5244
conll,VERB:TENSE,248,5246
conll,VERB:TENSE,248,5250
conll,VERB:TENSE,248,5254
conll,VERB:TENSE,248,5261
conll,VERB:TENSE,248,5262
conll,VERB:TENSE,250,5270
